"step","status","evidence","notes"
"mainline_containment","PASS","origin/main 4429af3ea717d5fc0045cb3aa37de01c843a8d08","Created local branch from published main."
"component_reuse","PASS","EXISTING_COMPONENT_REUSE_NOTE.md","Reused mission intake, dry-run loop, lifecycle, role preflight, verifier, context, and loop prevention."
"bounded_policy","PASS","fleet/control/project-main-bot-bounded-self-continuation.v1.json","Policy defines automatic decisions and hard escalation gates."
"mission_fixture","PASS","tests/fixtures/fleet/project-main-bot/self_continuation/bounded-fixture-worker.request.json","Fixture request routes to builder_worker."
"dry_run_route","PASS",".codex-local/bounded-main-bot-self-continuation-v1/run/dry_run/project_main_bot_dry_run_result.json","Dry-run next action was READY_FOR_WORKER_DRY_RUN."
"role_preflight","PASS",".codex-local/bounded-main-bot-self-continuation-v1/run/dry_run/lifecycle/role_permission_preflight.json","Role preflight approved builder_worker."
"approval_ledger","PASS",".codex-local/bounded-main-bot-self-continuation-v1/run/approval-ledger.bounded-self-continuation.json","Exact action and fixture path were approved."
"worker_execution","PASS",".codex-local/bounded-main-bot-self-continuation-v1/run/worker_result.json","One foreground Codex worker invocation completed GREEN."
"verifier","PASS",".codex-local/bounded-main-bot-self-continuation-v1/run/verifier_result.json","Post-run verifier returned GREEN."
"context_update","PASS",".codex-local/bounded-main-bot-self-continuation-v1/run/context_capsule.updated.json","Context capsule update was written."
"loop_prevention","PASS",".codex-local/bounded-main-bot-self-continuation-v1/run/loop_prevention_result.json","Loop prevention returned PASS_NO_LOOP."
"preservation","PASS",".codex-local/bounded-main-bot-self-continuation-v1/run/preservation/thousand-sunny-fleet-20260709183243-preservation","Preservation packet was written."
